Workbook
Name Slicer_Module: #N/A
Name Slicer_Status: #N/A

Sheet Module pivot sheet
A3: Module | B3: Avg Mark
A4: Internet Programming | B4: 74.375
A5: Mobile Computing | B5: 73.125
A6: Data Analytics | B6: 72.833333
A7: Database Systems | B7: 70.25
A8: Grand Total | B8: 72.633333

Sheet Presentation Page
A2: Student Performance Analytics Dashboard
A4: Total Students | C4: Students passed | E4: Pass Rate
A5: =30 -> 30 | C5: =27 -> 27 | E5: =27/30 -> 0.9
A36: Key Insights
A37: Overall performance | D37: 90% Pass Rate
A38: Students requiring support | D38: 3 Students Failed
A39: Highest Performing Module | D39: Internet Programming(74.365 avg mark)
A40: Lowest Performing Module | D40: Database Systems(70.25 avg mark)

Sheet Status pivot sheet
A3: Status | B3: Count of StudentID
A4: Fail | B4: 3
A5: Pass | B5: 27
A6: Grand Total | B6: 30

Sheet Student_marks
A1: StudentID | B1: StudentName | C1: Module | D1: Gender | E1: Attendance | F1: TestMark | G1: AssignmentMark | H1: FinalMark | I1: Status | J1: Performance | K1: Lecturer
A2: S016 | B2: Precious Ndlovu | C2: Internet Programming | D2: Female | E2: 98 | F2: 95 | G2: 94 | H2: 95 | I2: =IF(H2>=50, "Pass","Fail") -> Pass | J2: =IF(H2>=75,"Excellent",IF(H2>=50,"Pass","At Risk")) -> Excellent | K2: =VLOOKUP(C2,Modules!A:B, 2,FALSE) -> Mr Adams
A3: S002 | B3: Brian Molefe | C3: Database Systems | D3: Male | E3: 85 | F3: 67 | G3: 72 | H3: 70 | I3: =IF(H3>=50, "Pass","Fail") -> Pass | J3: =IF(H3>=75,"Excellent",IF(H3>=50,"Pass","At Risk")) -> Pass | K3: =VLOOKUP(C3,Modules!A:B, 2,FALSE) -> Mrs Smith
A4: S025 | B4: Yolanda Zulu | C4: Data Analytics | D4: Female | E4: 97 | F4: 92 | G4: 94 | H4: 93 | I4: =IF(H4>=50, "Pass","Fail") -> Pass | J4: =IF(H4>=75,"Excellent",IF(H4>=50,"Pass","At Risk")) -> Excellent | K4: =VLOOKUP(C4,Modules!A:B, 2,FALSE) -> Ms Dlamini
A5: S004 | B5: David Khumalo | C5: Database Systems | D5: Male | E5: 60 | F5: 45 | G5: 55 | H5: 50 | I5: =IF(H5>=50, "Pass","Fail") -> Pass | J5: =IF(H5>=75,"Excellent",IF(H5>=50,"Pass","At Risk")) -> Pass | K5: =VLOOKUP(C5,Modules!A:B, 2,FALSE) -> Mrs Smith
A6: S005 | B6: Eric Ndlovu | C6: Database Systems | D6: Male | E6: 78 | F6: 58 | G6: 60 | H6: 59 | I6: =IF(H6>=50, "Pass","Fail") -> Pass | J6: =IF(H6>=75,"Excellent",IF(H6>=50,"Pass","At Risk")) -> Pass | K6: =VLOOKUP(C6,Modules!A:B, 2,FALSE) -> Mrs Smith
A7: S006 | B7: Faith Dlamini | C7: Database Systems | D7: Female | E7: 88 | F7: 74 | G7: 79 | H7: 77 | I7: =IF(H7>=50, "Pass","Fail") -> Pass | J7: =IF(H7>=75,"Excellent",IF(H7>=50,"Pass","At Risk")) -> Excellent | K7: =VLOOKUP(C7,Modules!A:B, 2,FALSE) -> Mrs Smith
A8: S007 | B8: Gift Maseko | C8: Database Systems | D8: Male | E8: 55 | F8: 40 | G8: 48 | H8: 44 | I8: =IF(H8>=50, "Pass","Fail") -> Fail | J8: =IF(H8>=75,"Excellent",IF(H8>=50,"Pass","At Risk")) -> At Risk | K8: =VLOOKUP(C8,Modules!A:B, 2,FALSE) -> Mrs Smith
A9: S008 | B9: Hannah Sithole | C9: Database Systems | D9: Female | E9: 97 | F9: 91 | G9: 93 | H9: 92 | I9: =IF(H9>=50, "Pass","Fail") -> Pass | J9: =IF(H9>=75,"Excellent",IF(H9>=50,"Pass","At Risk")) -> Excellent | K9: =VLOOKUP(C9,Modules!A:B, 2,FALSE) -> Mrs Smith
A10: S009 | B10: Ian Mabaso | C10: Internet Programming | D10: Male | E10: 82 | F10: 69 | G10: 75 | H10: 72 | I10: =IF(H10>=50, "Pass","Fail") -> Pass | J10: =IF(H10>=75,"Excellent",IF(H10>=50,"Pass","At Risk")) -> Pass | K10: =VLOOKUP(C10,Modules!A:B, 2,FALSE) -> Mr Adams
A11: S020 | B11: Thandi Molefe | C11: Mobile Computing | D11: Female | E11: 96 | F11: 90 | G11: 92 | H11: 91 | I11: =IF(H11>=50, "Pass","Fail") -> Pass | J11: =IF(H11>=75,"Excellent",IF(H11>=50,"Pass","At Risk")) -> Excellent | K11: =VLOOKUP(C11,Modules!A:B, 2,FALSE) -> Mr Naidoo
A12: S011 | B12: Kabelo Radebe | C12: Internet Programming | D12: Male | E12: 75 | F12: 62 | G12: 68 | H12: 65 | I12: =IF(H12>=50, "Pass","Fail") -> Pass | J12: =IF(H12>=75,"Excellent",IF(H12>=50,"Pass","At Risk")) -> Pass | K12: =VLOOKUP(C12,Modules!A:B, 2,FALSE) -> Mr Adams
A13: S012 | B13: Lerato Ncube | C13: Internet Programming | D13: Female | E13: 89 | F13: 80 | G13: 82 | H13: 81 | I13: =IF(H13>=50, "Pass","Fail") -> Pass | J13: =IF(H13>=75,"Excellent",IF(H13>=50,"Pass","At Risk")) -> Excellent | K13: =VLOOKUP(C13,Modules!A:B, 2,FALSE) -> Mr Adams
... A31: S030 | B31: Dineo Molefe | C31: Data Analytics | D31: Female | E31: 95 | F31: 88 | G31: 9 | H31: 68 | I31: =IF(H31>=50, "Pass","Fail") -> Pass | J31: =IF(H31>=75,"Excellent",IF(H31>=50,"Pass","At Risk")) -> Pass | K31: =VLOOKUP(C31,Modules!A:B, 2,FALSE) -> Ms Dlamini

Sheet Modules
A1: Module | B1: Lecturer
A2: Mobile Computing | B2: Mr Naidoo
A3: Database Systems | B3: Mrs Smith
A4: Internet Programming | B4: Mr Adams
A5: Data Analytics | B5: Ms Dlamini
